-- phpMyAdmin SQL Dump
-- version 5.0.4
-- https://www.phpmyadmin.net/
--
-- Host: 127.0.0.1
-- Generation Time: Jan 31, 2022 at 04:28 PM
-- Server version: 10.4.16-MariaDB
-- PHP Version: 7.4.12

SET SQL_MODE = "NO_AUTO_VALUE_ON_ZERO";
START TRANSACTION;
SET time_zone = "+00:00";


/*!40101 SET @OLD_CHARACTER_SET_CLIENT=@@CHARACTER_SET_CLIENT */;
/*!40101 SET @OLD_CHARACTER_SET_RESULTS=@@CHARACTER_SET_RESULTS */;
/*!40101 SET @OLD_COLLATION_CONNECTION=@@COLLATION_CONNECTION */;
/*!40101 SET NAMES utf8mb4 */;

--
-- Database: `sifalib_db`
--

-- --------------------------------------------------------

--
-- Table structure for table `join_subjects`
--

CREATE TABLE `join_subjects` (
  `id` int(11) NOT NULL,
  `publications_id` int(11) NOT NULL,
  `subject_id` int(11) NOT NULL
) ENGINE=InnoDB DEFAULT CHARSET=utf8mb4;

--
-- Dumping data for table `join_subjects`
--

INSERT INTO `join_subjects` (`id`, `publications_id`, `subject_id`) VALUES
(3, 10, 2),
(13, 3, 1),
(14, 3, 2),
(15, 3, 3),
(16, 3, 4),
(18, 2, 2),
(19, 2, 5);

-- --------------------------------------------------------

--
-- Table structure for table `publications`
--

CREATE TABLE `publications` (
  `id` int(11) NOT NULL,
  `title` varchar(255) NOT NULL,
  `year` int(11) NOT NULL,
  `author` varchar(255) NOT NULL,
  `abstract` text DEFAULT NULL,
  `type` enum('Laporan KP/Magang','TA/Skripsi','Tesis/Disertasi','Jurnal/Buku','Laporan Pasca Pelatihan') NOT NULL,
  `file` varchar(255) NOT NULL,
  `access` int(11) NOT NULL DEFAULT 0,
  `posted_at` datetime NOT NULL DEFAULT current_timestamp(),
  `updated_at` datetime NOT NULL DEFAULT current_timestamp()
) ENGINE=InnoDB DEFAULT CHARSET=utf8mb4;

--
-- Dumping data for table `publications`
--

INSERT INTO `publications` (`id`, `title`, `year`, `author`, `abstract`, `type`, `file`, `access`, `posted_at`, `updated_at`) VALUES
(2, 'Judul 1 - revisi', 2019, 'Author 1', 'Abstract 1', 'Laporan Pasca Pelatihan', '', 4, '2021-12-06 13:13:27', '2021-12-06 13:14:55'),
(3, 'Judul 1', 2019, 'Author 1', 'Abstract 1', 'Laporan KP/Magang', '2019 - Sri Ethicawati52.pdf', 52, '2021-12-06 13:13:27', '2021-12-06 13:14:55'),
(4, 'Judul 1', 2019, 'Author 1', 'Abstract 1', '', '', 0, '2021-12-06 13:13:27', '2021-12-06 13:14:55'),
(5, 'Judul 1', 2019, 'Author 1', 'Abstract 1', '', '', 0, '2021-12-06 13:13:27', '2021-12-06 13:14:55'),
(6, 'Judul 1', 2019, 'Author 1', 'Abstract 1', 'Laporan KP/Magang', 'test', 0, '2021-12-06 13:13:27', '2021-12-06 13:14:55'),
(7, 'asdfg', 2019, 'asdf', '', 'Laporan KP/Magang', '2019 - Sri Ethicawati52.pdf', 0, '2021-12-08 13:46:38', '2021-12-08 13:46:38'),
(8, 'asdfg', 2019, 'asdf', '', 'Laporan KP/Magang', '2019 - Sri Ethicawati52.pdf', 0, '2021-12-08 13:48:26', '2021-12-08 13:48:26'),
(9, '1233', 2021, '1233', '', 'Laporan KP/Magang', '2021 - Widya Aprilini.pdf', 0, '2021-12-08 13:53:33', '2021-12-08 13:53:33'),
(10, '123', 1234, '1234', '1234', 'Laporan KP/Magang', '1234 - Sri Ethicawati52.pdf', 0, '2021-12-11 23:08:50', '2021-12-11 23:08:50'),
(11, '12344', 1234, '12344', '', 'Laporan Pasca Pelatihan', '1234 - 563-1234 - Sri Ethicawati52.pdf', 0, '2021-12-11 23:10:16', '2021-12-11 23:10:16'),
(12, 'TEST REVISI 1', 2022, 'TEST REVISI 1', '', 'Jurnal/Buku', '82-2022 - Untitled project.pdf', 0, '2021-12-12 10:45:01', '2021-12-12 10:45:01');

-- --------------------------------------------------------

--
-- Table structure for table `subjects`
--

CREATE TABLE `subjects` (
  `id` int(11) NOT NULL,
  `subject_name` varchar(255) NOT NULL
) ENGINE=InnoDB DEFAULT CHARSET=utf8mb4;

--
-- Dumping data for table `subjects`
--

INSERT INTO `subjects` (`id`, `subject_name`) VALUES
(1, 'Psikologi'),
(2, 'Komputer'),
(3, 'Komunikasi'),
(4, 'Farmasi'),
(5, 'Manajemen'),
(6, 'Kesehatan');

-- --------------------------------------------------------

--
-- Table structure for table `users`
--

CREATE TABLE `users` (
  `id` int(11) NOT NULL,
  `username` varchar(255) NOT NULL,
  `password` varchar(255) NOT NULL
) ENGINE=InnoDB DEFAULT CHARSET=utf8mb4;

--
-- Dumping data for table `users`
--

INSERT INTO `users` (`id`, `username`, `password`) VALUES
(1, '123', '$2y$10$K1vKFUdHUWIodVDHy6UyTezeabEAJsDoFgzurn7QjMiQfG8Hemy16'),
(3, 'sifalibadmin', '$2y$10$UD3ITn7NKg0blNICKZ2eHelnsJP7Shq4kuxVCAiaq6gKj7siVG4Ue');

--
-- Indexes for dumped tables
--

--
-- Indexes for table `join_subjects`
--
ALTER TABLE `join_subjects`
  ADD PRIMARY KEY (`id`);

--
-- Indexes for table `publications`
--
ALTER TABLE `publications`
  ADD PRIMARY KEY (`id`);

--
-- Indexes for table `subjects`
--
ALTER TABLE `subjects`
  ADD PRIMARY KEY (`id`);

--
-- Indexes for table `users`
--
ALTER TABLE `users`
  ADD PRIMARY KEY (`id`);

--
-- AUTO_INCREMENT for dumped tables
--

--
-- AUTO_INCREMENT for table `join_subjects`
--
ALTER TABLE `join_subjects`
  MODIFY `id` int(11) NOT NULL AUTO_INCREMENT, AUTO_INCREMENT=20;

--
-- AUTO_INCREMENT for table `publications`
--
ALTER TABLE `publications`
  MODIFY `id` int(11) NOT NULL AUTO_INCREMENT, AUTO_INCREMENT=13;

--
-- AUTO_INCREMENT for table `subjects`
--
ALTER TABLE `subjects`
  MODIFY `id` int(11) NOT NULL AUTO_INCREMENT, AUTO_INCREMENT=8;

--
-- AUTO_INCREMENT for table `users`
--
ALTER TABLE `users`
  MODIFY `id` int(11) NOT NULL AUTO_INCREMENT, AUTO_INCREMENT=4;
COMMIT;

/*!40101 SET CHARACTER_SET_CLIENT=@OLD_CHARACTER_SET_CLIENT */;
/*!40101 SET CHARACTER_SET_RESULTS=@OLD_CHARACTER_SET_RESULTS */;
/*!40101 SET COLLATION_CONNECTION=@OLD_COLLATION_CONNECTION */;
